{"2023-11-20": {"TRAIN_AUC": 0.9595867377733744, "TRAIN_LOSS": 0.18751907073500934, "VALID_AUC": 0.8876776656534955, "VALID_LOSS": 0.2570752067599744}}